id,name,suggested_qty,suggested_note,suggested_by,suggested_at
233,Arrabbiata sauce,,"green|Hai 8 Tomato cans in casa - arrivi a Mercoledi|You have 8 Tomato cans - good through Wednesday|Tienes 8 Tomato cans en casa - llegas al Miercoles",bot-preplist-builder-v47,2026-07-20 09:00:03.755+00
261,Artichoke,,"green|Hai 29 pezzi in casa - arrivi a Mercoledi|You have 29 pieces - good through Wednesday|Tienes 29 piezas en casa - llegas al Miercoles",bot-preplist-builder-v47,2026-07-20 09:00:03.755+00
398,Artichoke Sauce,660,"yellow|Controlla prima di produrre - dati incerti - potrebbe servire 660g|Check before prepping - uncertain data - may need 660g|Revisa antes de preparar - datos inciertos - puede necesitar 660g",bot-preplist-builder-v47,2026-07-20 09:00:03.755+00
415,Asparagus,,"green|Hai 450g in casa - arrivi a Lunedi|You have 450g - good through Monday|Tienes 450g en casa - llegas al Lunes",bot-preplist-builder-v47,2026-07-20 09:00:03.755+00
324,Avocado,0.5,,bot-preplist-builder,2026-06-19 09:00:05.043+00
234,Bacon crumbs,719,"yellow|Controlla prima di produrre - dati incerti - potrebbe servire 719g|Check before prepping - uncertain data - may need 719g|Revisa antes de preparar - datos inciertos - puede necesitar 719g",bot-preplist-builder-v47,2026-07-20 09:00:03.755+00
392,Balsamic Dressing,2000,"yellow|Controlla prima di produrre - dati incerti - potrebbe servire 2kg|Check before prepping - uncertain data - may need 2kg|Revisa antes de preparar - datos inciertos - puede necesitar 2kg",bot-preplist-builder-v47,2026-07-20 09:00:03.755+00
235,Basil flowers,1,"yellow|Chiuso oggi - controlla stock domani - possibile 1 pieces|Closed today - check stock tomorrow - possible need 1 pieces|Cerrado hoy - revisar stock manana - posible necesitar 1 piezas",bot-preplist-builder-v46,2026-07-12 09:00:01.01+00
400,Bechamel,1150,"red|Prepara oggi · 1.1kg · stock finito|Prep today · 1.1kg · out of stock|Prepara hoy · 1.1kg · sin stock",bot-preplist-builder-v24,2026-07-01 21:50:42.388+00
327,Berry coulis,3475,"yellow|Controlla prima di produrre - dati incerti - potrebbe servire 3.5kg|Check before prepping - uncertain data - may need 3.5kg|Revisa antes de preparar - datos inciertos - puede necesitar 3.5kg",bot-preplist-builder-v47,2026-07-20 09:00:03.755+00
411,Big bruschetta,2,Mar 1.0 · Mer 1.0,bot-preplist-builder-v17,2026-06-28 09:00:05.753+00
316,Branzino tableside,4,"yellow|Stock basso - 4 pezzi - arrivi a Lunedi|Low stock - 4 pieces - good through Monday|Stock bajo - 4 piezas - llegas al Lunes",bot-preplist-builder-v47,2026-07-20 09:00:03.755+00
285,Brisket,,"green|Stock ok - 4kg in casa|Stock ok - 4kg on hand|Stock ok - 4kg en casa",bot-preplist-builder-v47,2026-07-20 09:00:03.755+00
331,Brownies,,"green|Stock ok - 1.1kg in casa|Stock ok - 1.1kg on hand|Stock ok - 1.1kg en casa",bot-preplist-builder-v47,2026-07-20 09:00:03.755+00
332,Bruschetta,,"green|Hai 1.2kg in casa - arrivi a Mercoledi|You have 1.2kg - good through Wednesday|Tienes 1.2kg en casa - llegas al Miercoles",bot-preplist-builder-v47,2026-07-20 09:00:03.755+00
472,Brussels Sprouts Par Cook,22500,"yellow|Controlla prima di produrre - dati incerti - potrebbe servire 15 x 5#|Check before prepping - uncertain data - may need 15 x 5#|Revisa antes de preparar - datos inciertos - puede necesitar 15 x 5#",bot-preplist-builder-v47,2026-07-20 09:00:03.755+00
265,Brussels Sprouts Ready to Sell,3200,"red|Prepara oggi - 3.2kg - hai 0|Prep today - 3.2kg - you have 0|Prepara hoy - 3.2kg - tienes 0",bot-preplist-builder-v47,2026-07-20 09:00:03.755+00
416,Butter Spinach,,"green|Hai 4.8kg in casa · arrivi a Venerdì|You have 4.8kg · good through Friday|Tienes 4.8kg en casa · llegas al Viernes",bot-preplist-builder-v22,2026-07-01 13:04:10.55+00
288,Cacio e pepe sauce,,"green|Hai 12kg in casa - arrivi a Giovedi|You have 12kg - good through Thursday|Tienes 12kg en casa - llegas al Jueves",bot-preplist-builder-v47,2026-07-20 09:00:03.755+00
266,Calamari,,"green|Hai 1 Bag in casa - arrivi a Venerdi|You have 1 Bag - good through Friday|Tienes 1 Bag en casa - llegas al Viernes",bot-preplist-builder-v47,2026-07-20 09:00:03.755+00
333,Cantaloupe,,"green|Hai 5.7kg in casa - arrivi a Venerdi|You have 5.7kg - good through Friday|Tienes 5.7kg en casa - llegas al Viernes",bot-preplist-builder-v47,2026-07-20 09:00:03.755+00
334,Caprese seasoning,,"green|Hai 1.5kg in casa - arrivi a Giovedi|You have 1.5kg - good through Thursday|Tienes 1.5kg en casa - llegas al Jueves",bot-preplist-builder-v47,2026-07-20 09:00:03.755+00
329,Check Blue Cheese,2,Mer 1.0porzioni · Ven 1.0porzioni,bot-preplist-builder-v17,2026-06-28 09:00:05.753+00
386,Cheese cake,,"green|Hai 45 pezzi in casa - arrivi a Martedi|You have 45 pieces - good through Tuesday|Tienes 45 piezas en casa - llegas al Martes",bot-preplist-builder-v47,2026-07-20 09:00:03.755+00
452,Chicken Parmesan,13,"red|Prepara oggi - 13 pezzi - hai 0|Prep today - 13 pieces - you have 0|Prepara hoy - 13 piezas - tienes 0",bot-preplist-builder-v47,2026-07-20 09:00:03.755+00
387,Choco logo,1,"yellow|Controlla prima di produrre - dati incerti - potrebbe servire 1 pezzi|Check before prepping - uncertain data - may need 1 pieces|Revisa antes de preparar - datos inciertos - puede necesitar 1 piezas",bot-preplist-builder-v44,2026-07-07 09:00:03.827+00
364,Chop Romaine,2000,"yellow|Controlla prima di produrre - dati incerti - potrebbe servire 2 x 12/3 CT|Check before prepping - uncertain data - may need 2 x 12/3 CT|Revisa antes de preparar - datos inciertos - puede necesitar 2 x 12/3 CT",bot-preplist-builder-v47,2026-07-20 09:00:03.755+00
337,Chopped dark choc,888,"yellow|Controlla prima di produrre - dati incerti - potrebbe servire 888g|Check before prepping - uncertain data - may need 888g|Revisa antes de preparar - datos inciertos - puede necesitar 888g",bot-preplist-builder-v47,2026-07-20 09:00:03.755+00
338,Chopped white choc,1,"yellow|Controlla prima di produrre - dati incerti - potrebbe servire 1g|Check before prepping - uncertain data - may need 1g|Revisa antes de preparar - datos inciertos - puede necesitar 1g",bot-preplist-builder-v47,2026-07-20 09:00:03.755+00
389,Citronnette,,"green|Hai 2kg in casa - arrivi a Domenica|You have 2kg - good through Sunday|Tienes 2kg en casa - llegas al Domingo",bot-preplist-builder-v47,2026-07-20 09:00:03.755+00
339,Cocoa powder,,"yellow|Chiuso oggi - controlla stock domani|Closed today - check stock tomorrow|Cerrado hoy - revisar stock manana",bot-preplist-builder-v46,2026-07-12 09:00:01.01+00
451,Confit tomatoes,,"green|Hai 2.2kg in casa - arrivi a Mercoledi|You have 2.2kg - good through Wednesday|Tienes 2.2kg en casa - llegas al Miercoles",bot-preplist-builder-v47,2026-07-20 09:00:03.755+00
420,Cook Focaccia,,"green|Stock ok · 18g in casa|Stock ok · 18g on hand|Stock ok · 18g en casa",bot-preplist-builder-v24,2026-07-01 21:50:42.388+00
340,Creme brulee,32,"red|Prepara oggi - 32 pezzi - hai 1 pezzi|Prep today - 32 pieces - you have 1 pieces|Prepara hoy - 32 piezas - tienes 1 piezas",bot-preplist-builder-v47,2026-07-20 09:00:03.755+00
341,Cremino,,"green|Hai 49 pezzi in casa - arrivi a Domenica|You have 49 pieces - good through Sunday|Tienes 49 piezas en casa - llegas al Domingo",bot-preplist-builder-v47,2026-07-20 09:00:03.755+00
343,Crutons,12960,"yellow|Controlla prima di produrre - dati incerti - potrebbe servire 13kg|Check before prepping - uncertain data - may need 13kg|Revisa antes de preparar - datos inciertos - puede necesitar 13kg",bot-preplist-builder-v47,2026-07-20 09:00:03.755+00
291,Demi,,"green|Hai 10kg in casa - arrivi a Giovedi|You have 10kg - good through Thursday|Tienes 10kg en casa - llegas al Jueves",bot-preplist-builder-v47,2026-07-20 09:00:03.755+00
292,Diced butter,4540,"yellow|Stock basso - 10 x 36/1# - arrivi a Lunedi|Low stock - 10 x 36/1# - good through Monday|Stock bajo - 10 x 36/1# - llegas al Lunes",bot-preplist-builder-v47,2026-07-20 09:00:03.755+00
473,Diced Grilled Chicken,,"green|Stock ok - 3.6kg in casa|Stock ok - 3.6kg on hand|Stock ok - 3.6kg en casa",bot-preplist-builder-v47,2026-07-20 09:00:03.755+00
313,Fettuccine,9,,bot-preplist-builder-v5,2026-06-25 09:00:03.745+00
474,Fettucine fresh pasta,,"green|Hai 3.5kg in casa - arrivi a Lunedi|You have 3.5kg - good through Monday|Tienes 3.5kg en casa - llegas al Lunes",bot-preplist-builder-v47,2026-07-20 09:00:03.755+00
448,Filet Branzino,,"green|Stock ok - 39 pz in casa|Stock ok - 39 pieces on hand|Stock ok - 39 piezas en casa",bot-preplist-builder-v47,2026-07-20 09:00:03.755+00
244,Filets,29,"yellow|Controlla prima di produrre - dati incerti - potrebbe servire 29 pezzi|Check before prepping - uncertain data - may need 29 pieces|Revisa antes de preparar - datos inciertos - puede necesitar 29 piezas",bot-preplist-builder-v47,2026-07-20 09:00:03.755+00
455,Flowers,,"yellow|Chiuso oggi - controlla stock domani|Closed today - check stock tomorrow|Cerrado hoy - revisar stock manana",bot-preplist-builder-v46,2026-07-12 09:00:01.01+00
294,Garlic oil,,"green|Hai 3.8kg in casa - arrivi a Venerdi|You have 3.8kg - good through Friday|Tienes 3.8kg en casa - llegas al Viernes",bot-preplist-builder-v47,2026-07-20 09:00:03.755+00
382,GF sponge cake,149,"yellow|Controlla prima di produrre - dati incerti - potrebbe servire 149 pezzi|Check before prepping - uncertain data - may need 149 pieces|Revisa antes de preparar - datos inciertos - puede necesitar 149 piezas",bot-preplist-builder-v47,2026-07-20 09:00:03.755+00
476,Gnocchi,,"green|Hai 22kg in casa - arrivi a Giovedi|You have 22kg - good through Thursday|Tienes 22kg en casa - llegas al Jueves",bot-preplist-builder-v47,2026-07-20 09:00:03.755+00
271,Gnocco Dough,2008,"yellow|Controlla prima di produrre - dati incerti - potrebbe servire 1 50#|Check before prepping - uncertain data - may need 1 50#|Revisa antes de preparar - datos inciertos - puede necesitar 1 50#",bot-preplist-builder-v47,2026-07-20 09:00:03.755+00
345,Goat cheese,,"green|Stock ok - 1g in casa|Stock ok - 1g on hand|Stock ok - 1g en casa",bot-preplist-builder-v47,2026-07-20 09:00:03.755+00
438,Grated Pecorino,,"green|Hai 14kg in casa - arrivi a Martedi|You have 14kg - good through Tuesday|Tienes 14kg en casa - llegas al Martes",bot-preplist-builder-v47,2026-07-20 09:00:03.755+00
468,Grilled Chicken,,"green|Stock ok - 19.8kg in casa|Stock ok - 19.8kg on hand|Stock ok - 19.8kg en casa",bot-preplist-builder-v47,2026-07-20 09:00:03.755+00
346,halved tomatoes,4000,"yellow|Controlla prima di produrre - dati incerti - potrebbe servire 4 x 8/12 OZ|Check before prepping - uncertain data - may need 4 x 8/12 OZ|Revisa antes de preparar - datos inciertos - puede necesitar 4 x 8/12 OZ",bot-preplist-builder-v47,2026-07-20 09:00:03.755+00
347,Honey,,"yellow|Chiuso oggi - controlla stock domani|Closed today - check stock tomorrow|Cerrado hoy - revisar stock manana",bot-preplist-builder-v46,2026-07-12 09:00:01.01+00
385,Italian cream,2900,"yellow|Controlla prima di produrre - dati incerti - potrebbe servire 2.9kg|Check before prepping - uncertain data - may need 2.9kg|Revisa antes de preparar - datos inciertos - puede necesitar 2.9kg",bot-preplist-builder-v47,2026-07-20 09:00:03.755+00
471,Lamb,1477,"red|Prepara oggi · 1477 pezzi · hai 23 pezzi|Prep today · 1477 pieces · you have 23 pieces|Prepara hoy · 1477 piezas · tienes 23 piezas",bot-preplist-builder-v25,2026-07-02 09:00:05.37+00
247,Lemon cream,1,"red|Prepara oggi · 1g · stock finito|Prep today · 1g · out of stock|Prepara hoy · 1g · sin stock",bot-preplist-builder-v24,2026-07-01 21:50:42.388+00
436,Lemon Zest,1,"yellow|Chiuso oggi - controlla stock domani - possibile 1g|Closed today - check stock tomorrow - possible need 1g|Cerrado hoy - revisar stock manana - posible necesitar 1g",bot-preplist-builder-v46,2026-07-12 09:00:01.01+00
412,Maccheroni,24500,"yellow|Controlla prima di produrre - dati incerti - potrebbe servire 7 Grams|Check before prepping - uncertain data - may need 7 Grams|Revisa antes de preparar - datos inciertos - puede necesitar 7 Grams",bot-preplist-builder-v47,2026-07-20 09:00:03.755+00
423,Mash Potato,2800,"yellow|Stock basso - 2.8kg - arrivi a Lunedi|Low stock - 2.8kg - good through Monday|Stock bajo - 2.8kg - llegas al Lunes",bot-preplist-builder-v47,2026-07-20 09:00:03.755+00
480,Meatballs,240,"yellow|Controlla prima di produrre - dati incerti - potrebbe servire 240 pz|Check before prepping - uncertain data - may need 240 pieces|Revisa antes de preparar - datos inciertos - puede necesitar 240 piezas",bot-preplist-builder-v47,2026-07-20 09:00:03.755+00
349,Meringue,239,"red|Prepara oggi · 239 pezzi · hai 6 pezzi|Prep today · 239 pieces · you have 6 pieces|Prepara hoy · 239 piezas · tienes 6 piezas",bot-preplist-builder-v25,2026-07-02 09:00:05.37+00
350,Mimosa,,"green|Hai 66 pezzi in casa - arrivi a Martedi|You have 66 pieces - good through Tuesday|Tienes 66 piezas en casa - llegas al Martes",bot-preplist-builder-v47,2026-07-20 09:00:03.755+00
351,Mint bavarese,,"green|Hai 19 pezzi in casa - arrivi a Martedi|You have 19 pieces - good through Tuesday|Tienes 19 piezas en casa - llegas al Martes",bot-preplist-builder-v47,2026-07-20 09:00:03.755+00
376,Mint liquid,,"yellow|Chiuso oggi - controlla stock domani|Closed today - check stock tomorrow|Cerrado hoy - revisar stock manana",bot-preplist-builder-v46,2026-07-12 09:00:01.01+00
449,Mushrooms,,"green|Hai 2.5kg in casa - arrivi a Venerdi|You have 2.5kg - good through Friday|Tienes 2.5kg en casa - llegas al Viernes",bot-preplist-builder-v47,2026-07-20 09:00:03.755+00
298,Mushrooms,1.5,,bot-preplist-builder-v5,2026-06-25 09:00:03.745+00
354,Nutella mix,2750,"yellow|Controlla prima di produrre - dati incerti - potrebbe servire 2.8kg|Check before prepping - uncertain data - may need 2.8kg|Revisa antes de preparar - datos inciertos - puede necesitar 2.8kg",bot-preplist-builder-v47,2026-07-20 09:00:03.755+00
249,Ny strip,,"green|Stock ok - 16 pezzi in casa|Stock ok - 16 pieces on hand|Stock ok - 16 piezas en casa",bot-preplist-builder-v47,2026-07-20 09:00:03.755+00
355,Olives,,"green|Chiuso oggi - stock ok per domani|Closed today - stock ok for tomorrow|Cerrado hoy - stock ok para manana",bot-preplist-builder-v46,2026-07-12 09:00:01.01+00
273,Onion rings,600,"yellow|Controlla prima di produrre - dati incerti - potrebbe servire 2 x 25#|Check before prepping - uncertain data - may need 2 x 25#|Revisa antes de preparar - datos inciertos - puede necesitar 2 x 25#",bot-preplist-builder-v47,2026-07-20 09:00:03.755+00
250,Orange supreme,1,"yellow|Controlla prima di produrre - dati incerti - potrebbe servire 1 porzioni|Check before prepping - uncertain data - may need 1 porzioni|Revisa antes de preparar - datos inciertos - puede necesitar 1 porzioni",bot-preplist-builder-v42,2026-07-06 11:44:50.061+00
300,Pancetta,,"green|Hai 3378.8kg in casa - arrivi a Domenica|You have 3378.8kg - good through Sunday|Tienes 3378.8kg en casa - llegas al Domingo",bot-preplist-builder-v47,2026-07-20 09:00:03.755+00
356,Panna cotta,,"green|Hai 12 pezzi in casa - arrivi a Venerdi|You have 12 pieces - good through Friday|Tienes 12 piezas en casa - llegas al Viernes",bot-preplist-builder-v47,2026-07-20 09:00:03.755+00
439,Parmesan Grated,,"green|Hai 6kg in casa - arrivi a Martedi|You have 6kg - good through Tuesday|Tienes 6kg en casa - llegas al Martes",bot-preplist-builder-v47,2026-07-20 09:00:03.755+00
302,Pastori e onions,2,Mer 1.0batch · Gio 1.0batch,bot-preplist-builder-v17,2026-06-28 09:00:05.753+00
384,Pastry cream,,"green|Stock ok - 1kg in casa|Stock ok - 1kg on hand|Stock ok - 1kg en casa",bot-preplist-builder-v47,2026-07-20 09:00:03.755+00
357,Pears,23,"red|Prepara oggi - 23 pezzi - hai 0|Prep today - 23 pieces - you have 0|Prepara hoy - 23 piezas - tienes 0",bot-preplist-builder-v47,2026-07-20 09:00:03.755+00
358,Pecorino fresh wedge,2000,"yellow|Controlla prima di produrre - dati incerti - potrebbe servire 2kg|Check before prepping - uncertain data - may need 2kg|Revisa antes de preparar - datos inciertos - puede necesitar 2kg",bot-preplist-builder-v47,2026-07-20 09:00:03.755+00
304,Pomodoro sauce,,"green|Hai 10.5kg in casa - arrivi a Martedi|You have 10.5kg - good through Tuesday|Tienes 10.5kg en casa - llegas al Martes",bot-preplist-builder-v47,2026-07-20 09:00:03.755+00
461,Porterhouse,,"green|Hai 5 pz in casa - arrivi a Mercoledi|You have 5 pieces - good through Wednesday|Tienes 5 piezas en casa - llegas al Miercoles",bot-preplist-builder-v47,2026-07-20 09:00:03.755+00
359,Powder sugar,1,"yellow|Chiuso oggi - controlla stock domani - possibile 1g|Closed today - check stock tomorrow - possible need 1g|Cerrado hoy - revisar stock manana - posible necesitar 1g",bot-preplist-builder-v46,2026-07-12 09:00:01.01+00
450,Preparato per Livornese,83,"red|Prepara oggi · 83g · hai 0|Prep today · 83g · you have 0|Prepara hoy · 83g · tienes 0",bot-preplist-builder-v24,2026-07-01 21:50:42.388+00
262,Pull Branzino,2475,Lun→Mar→Mer · di solito 2.3 kg → prepara 2.5 kg,bot-preplist-builder-v17,2026-06-28 09:00:05.753+00
278,Pull Salmon filets,,"green|Chiusi oggi/domani - stock ok per Lunedi|Closed today/tomorrow - enough stock for Monday|Cerrados hoy/manana - stock ok para Lunes",bot-preplist-builder-v40,2026-07-04 11:23:17.917+00
305,Ragu,,"green|Hai 27.4kg in casa - arrivi a Domenica|You have 27.4kg - good through Sunday|Tienes 27.4kg en casa - llegas al Domingo",bot-preplist-builder-v47,2026-07-20 09:00:03.755+00
390,Ranch,7571,"yellow|Controlla prima di produrre - dati incerti - potrebbe servire 7.6kg|Check before prepping - uncertain data - may need 7.6kg|Revisa antes de preparar - datos inciertos - puede necesitar 7.6kg",bot-preplist-builder-v47,2026-07-20 09:00:03.755+00
312,Ravioli Lemon,3.5,,bot-preplist-builder-v5,2026-06-25 09:00:03.745+00
311,Ravioli Meat,3.5,,bot-preplist-builder-v5,2026-06-25 09:00:03.745+00
254,Ribeye,,"green|Hai 11 pezzi in casa - arrivi a Giovedi|You have 11 pieces - good through Thursday|Tienes 11 piezas en casa - llegas al Jueves",bot-preplist-builder-v47,2026-07-20 09:00:03.755+00
462,Rinse Clams,1,Sab 1.0,bot-preplist-builder-v17,2026-06-27 21:00:11.156+00
463,Rinse Mussels,1,Sab 1.0,bot-preplist-builder-v17,2026-06-27 21:00:11.156+00
399,Risotto Base,,"green|Hai 12kg in casa - arrivi a Sabato|You have 12kg - good through Saturday|Tienes 12kg en casa - llegas al Sabado",bot-preplist-builder-v47,2026-07-20 09:00:03.755+00
321,Roasted Almonds,1000,"yellow|Controlla prima di produrre - dati incerti - potrebbe servire 1kg|Check before prepping - uncertain data - may need 1kg|Revisa antes de preparar - datos inciertos - puede necesitar 1kg",bot-preplist-builder-v47,2026-07-20 09:00:03.755+00
437,Rosemary Oil,,"green|Hai 2kg in casa - arrivi a Giovedi|You have 2kg - good through Thursday|Tienes 2kg en casa - llegas al Jueves",bot-preplist-builder-v47,2026-07-20 09:00:03.755+00
276,Rosmary potatoes,,"green|Hai 3.2kg in casa - arrivi a Sabato|You have 3.2kg - good through Saturday|Tienes 3.2kg en casa - llegas al Sabado",bot-preplist-builder-v47,2026-07-20 09:00:03.755+00
255,Salmon aioli,3640,"yellow|Controlla prima di produrre - dati incerti - potrebbe servire 3.6kg|Check before prepping - uncertain data - may need 3.6kg|Revisa antes de preparar - datos inciertos - puede necesitar 3.6kg",bot-preplist-builder-v47,2026-07-20 09:00:03.755+00
277,Salmon cakes,95,"red|Prepara oggi - 95 pezzi - hai 0|Prep today - 95 pieces - you have 0|Prepara hoy - 95 piezas - tienes 0",bot-preplist-builder-v47,2026-07-20 09:00:03.755+00
317,Salmon filets,,"green|Stock ok - 63 pezzi in casa|Stock ok - 63 pezzi on hand|Stock ok - 63 piezas en casa",bot-preplist-builder-v47,2026-07-20 09:00:03.755+00
256,Salmoriglio,450,"yellow|Controlla prima di produrre - dati incerti - potrebbe servire 450g|Check before prepping - uncertain data - may need 450g|Revisa antes de preparar - datos inciertos - puede necesitar 450g",bot-preplist-builder-v47,2026-07-20 09:00:03.755+00
257,Scallops,1.5,,bot-preplist-builder-v5,2026-06-23 09:00:07.795+00
279,Scallops,95,"red|Prepara oggi - 95 pezzi - hai 0|Prep today - 95 pieces - you have 0|Prepara hoy - 95 piezas - tienes 0",bot-preplist-builder-v47,2026-07-20 09:00:03.755+00
419,Season Focaccia,,"green|Chiuso oggi - stock ok per domani|Closed today - stock ok for tomorrow|Cerrado hoy - stock ok para manana",bot-preplist-builder-v41,2026-07-05 09:00:05.597+00
365,Seed mix,5800,"yellow|Controlla prima di produrre - dati incerti - potrebbe servire 58 x 5#|Check before prepping - uncertain data - may need 58 x 5#|Revisa antes de preparar - datos inciertos - puede necesitar 58 x 5#",bot-preplist-builder-v47,2026-07-20 09:00:03.755+00
371,Shaved Parm,4469,"yellow|Controlla prima di produrre - dati incerti - potrebbe servire 4.5kg|Check before prepping - uncertain data - may need 4.5kg|Revisa antes de preparar - datos inciertos - puede necesitar 4.5kg",bot-preplist-builder-v47,2026-07-20 09:00:03.755+00
366,Shredded Carrots,,"green|Hai 2kg in casa - arrivi a Giovedi|You have 2kg - good through Thursday|Tienes 2kg en casa - llegas al Jueves",bot-preplist-builder-v47,2026-07-20 09:00:03.755+00
470,Shrimp,,"green|Hai 3652kg in casa - arrivi a Venerdi|You have 3652kg - good through Friday|Tienes 3652kg en casa - llegas al Viernes",bot-preplist-builder-v47,2026-07-20 09:00:03.755+00
410,Shrimp for cocktail,1,Sab 1.0,bot-preplist-builder-v17,2026-06-27 21:00:11.156+00
281,Sicilian mix,,"green|Stock ok - 500g in casa|Stock ok - 500g on hand|Stock ok - 500g en casa",bot-preplist-builder-v47,2026-07-20 09:00:03.755+00
282,Siciliana cartoccio,15,"yellow|Controlla prima di produrre - dati incerti - potrebbe servire 15 pz|Check before prepping - uncertain data - may need 15 pieces|Revisa antes de preparar - datos inciertos - puede necesitar 15 piezas",bot-preplist-builder-v47,2026-07-20 09:00:03.755+00
367,Sliced Mozzarella,1718,"yellow|Controlla prima di produrre - dati incerti - potrebbe servire 1.7kg|Check before prepping - uncertain data - may need 1.7kg|Revisa antes de preparar - datos inciertos - puede necesitar 1.7kg",bot-preplist-builder-v47,2026-07-20 09:00:03.755+00
368,Sliced Tomatoes,1932,"yellow|Controlla prima di produrre - dati incerti - potrebbe servire 1.9kg|Check before prepping - uncertain data - may need 1.9kg|Revisa antes de preparar - datos inciertos - puede necesitar 1.9kg",bot-preplist-builder-v47,2026-07-20 09:00:03.755+00
397,Soffritto Livornese,,"green|Hai 866g in casa - arrivi a Venerdi|You have 866g - good through Friday|Tienes 866g en casa - llegas al Viernes",bot-preplist-builder-v47,2026-07-20 09:00:03.755+00
314,Spaghetti,14,,bot-preplist-builder-v5,2026-06-25 09:00:03.745+00
475,Spaghetti fresh pasta,,"green|Hai 3.5kg in casa - arrivi a Giovedi|You have 3.5kg - good through Thursday|Tienes 3.5kg en casa - llegas al Jueves",bot-preplist-builder-v47,2026-07-20 09:00:03.755+00
318,Spinach,80,"red|Prepara oggi - fai 80 batch (80 cup) - hai 0 cup|Prep today - make 80 batches (80 cups) - you have 0 cups|Prepara hoy - haz 80 batch (80 tazas) - tienes 0 tazas",bot-preplist-builder-v47,2026-07-20 09:00:03.755+00
370,Spring mix,,"green|Hai 3767 buste in casa - arrivi a Venerdi|You have 3767 bags - good through Friday|Tienes 3767 bolsas en casa - llegas al Viernes",bot-preplist-builder-v47,2026-07-20 09:00:03.755+00
467,Tempura,1,Mar 1.0,bot-preplist-builder-v17,2026-06-27 21:00:11.156+00
424,Texana Soup,,"green|Hai 7.6kg in casa - arrivi a Martedi|You have 7.6kg - good through Tuesday|Tienes 7.6kg en casa - llegas al Martes",bot-preplist-builder-v47,2026-07-20 09:00:03.755+00
414,Thaw Branzino,1,Mar 1.0,bot-preplist-builder-v17,2026-06-28 09:00:05.753+00
296,Thaw Lobster,,"green|Stock ok - 18 pezzi in casa|Stock ok - 18 pezzi on hand|Stock ok - 18 piezas en casa",bot-preplist-builder-v47,2026-07-20 09:00:03.755+00
413,Thaw Salmon,5,"yellow|Controlla prima di produrre - dati incerti - potrebbe servire 5 pezzi|Check before prepping - uncertain data - may need 5 pieces|Revisa antes de preparar - datos inciertos - puede necesitar 5 piezas",bot-preplist-builder-v47,2026-07-20 09:00:03.755+00
308,Thaw Shrimp,1,Sab 1.0porzioni,bot-preplist-builder-v17,2026-06-27 21:00:11.156+00
469,Thyme Butter,,"green|Hai 968g in casa - arrivi a Giovedi|You have 968g - good through Thursday|Tienes 968g en casa - llegas al Jueves",bot-preplist-builder-v47,2026-07-20 09:00:03.755+00
383,Tiramisu,,"green|Hai 16 pezzi in casa - arrivi a Mercoledi|You have 16 pieces - good through Wednesday|Tienes 16 piezas en casa - llegas al Miercoles",bot-preplist-builder-v47,2026-07-20 09:00:03.755+00
319,Tomahawk,,"green|Hai 7 pezzi in casa - arrivi a Giovedi|You have 7 pieces - good through Thursday|Tienes 7 piezas en casa - llegas al Jueves",bot-preplist-builder-v47,2026-07-20 09:00:03.755+00
309,Truffle butter,,"green|Hai 960g in casa - arrivi a Mercoledi|You have 960g - good through Wednesday|Tienes 960g en casa - llegas al Miercoles",bot-preplist-builder-v47,2026-07-20 09:00:03.755+00
320,Wagyu ribeye,,"green|Hai 7 pezzi in casa - arrivi a Giovedi|You have 7 pieces - good through Thursday|Tienes 7 piezas en casa - llegas al Jueves",bot-preplist-builder-v47,2026-07-20 09:00:03.755+00
478,Wagyu Ribeye,3,"yellow|Chiuso oggi - controlla stock domani - possibile 3 pieces|Closed today - check stock tomorrow - possible need 3 pieces|Cerrado hoy - revisar stock manana - posible necesitar 3 piezas",bot-preplist-builder-v46,2026-07-12 09:00:01.01+00
477,Wagyu Tomahawk,4,"yellow|Chiuso oggi - controlla stock domani - possibile 4 pieces|Closed today - check stock tomorrow - possible need 4 pieces|Cerrado hoy - revisar stock manana - posible necesitar 4 piezas",bot-preplist-builder-v46,2026-07-12 09:00:01.01+00
372,walnuts,,"green|Chiuso oggi - stock ok per domani|Closed today - stock ok for tomorrow|Cerrado hoy - stock ok para manana",bot-preplist-builder-v46,2026-07-12 09:00:01.01+00
443,Watermelon Cubes,,"green|Hai 6kg in casa - arrivi a Venerdi|You have 6kg - good through Friday|Tienes 6kg en casa - llegas al Viernes",bot-preplist-builder-v47,2026-07-20 09:00:03.755+00
479,Meatball Sauce,,,, 
481,Meatball Appetizer Bags,,,,
