recipe_id;ricetta;righe_originale;righe_distinta;tipo;dettaglio
"db40be38-a928-49d8-9d8e-7e7e37c857a8";"WILDBOAR RAGU";"23";"17";"pezzi_in_grammi";"juniper seeds: originale 0.13 (pezzi), distinta 0.13 g"
"db40be38-a928-49d8-9d8e-7e7e37c857a8";"WILDBOAR RAGU";"23";"17";"quantita";"red onions  cut in 4: originale 6.67 g, distinta 10 g"
"db40be38-a928-49d8-9d8e-7e7e37c857a8";"WILDBOAR RAGU";"23";"17";"pezzi_in_grammi";"Cloves: originale 0.04 (pezzi), distinta 0.04 g"
"db40be38-a928-49d8-9d8e-7e7e37c857a8";"WILDBOAR RAGU";"23";"17";"pezzi_in_grammi";"juniper seeds: originale 0.09 (pezzi), distinta 0.09 g"
"db40be38-a928-49d8-9d8e-7e7e37c857a8";"WILDBOAR RAGU";"23";"17";"pezzi_in_grammi";"Bay Leaves: originale 0.09 (pezzi), distinta 0.09 g"
"db40be38-a928-49d8-9d8e-7e7e37c857a8";"WILDBOAR RAGU";"23";"17";"manca_in_distinta";"wild boar ( that after is gonna be ground ) 0.09 kg"
"db40be38-a928-49d8-9d8e-7e7e37c857a8";"WILDBOAR RAGU";"23";"17";"manca_in_distinta";"srig of rosemary 1.11 g"
"db40be38-a928-49d8-9d8e-7e7e37c857a8";"WILDBOAR RAGU";"23";"17";"manca_in_distinta";"red onions 10 g"
"db40be38-a928-49d8-9d8e-7e7e37c857a8";"WILDBOAR RAGU";"23";"17";"manca_in_distinta";"Garlic Oil 6.67 g"
"db40be38-a928-49d8-9d8e-7e7e37c857a8";"WILDBOAR RAGU";"23";"17";"manca_in_distinta";"srig of rosemary 0.56 g"
"db40be38-a928-49d8-9d8e-7e7e37c857a8";"WILDBOAR RAGU";"23";"17";"manca_in_distinta";"Plum Tomatoes 0.11 kg"
"445b2309-6da9-4b77-8163-d1c875ec53f0";"Siciliana";"8";"3";"manca_in_distinta";"orata filet 200 g"
"445b2309-6da9-4b77-8163-d1c875ec53f0";"Siciliana";"8";"3";"manca_in_distinta";"sicilian mix 50 g"
"445b2309-6da9-4b77-8163-d1c875ec53f0";"Siciliana";"8";"3";"manca_in_distinta";"Extra Virgin Olive Oil 10 g"
"445b2309-6da9-4b77-8163-d1c875ec53f0";"Siciliana";"8";"3";"manca_in_distinta";"white wine 10 g"
"445b2309-6da9-4b77-8163-d1c875ec53f0";"Siciliana";"8";"3";"manca_in_distinta";"oregano 2 g"
"445b2309-6da9-4b77-8163-d1c875ec53f0";"Siciliana";"8";"3";"manca_in_distinta";"flower 1"
"445b2309-6da9-4b77-8163-d1c875ec53f0";"Siciliana";"8";"3";"manca_in_distinta";"average side 1"
"445b2309-6da9-4b77-8163-d1c875ec53f0";"Siciliana";"8";"3";"manca_in_distinta";"Arugula 10 g"
"445b2309-6da9-4b77-8163-d1c875ec53f0";"Siciliana";"8";"3";"solo_in_distinta";"Siciliana cartoccio 1 pz"
"445b2309-6da9-4b77-8163-d1c875ec53f0";"Siciliana";"8";"3";"solo_in_distinta";"GARLIC OIL 30 g"
"445b2309-6da9-4b77-8163-d1c875ec53f0";"Siciliana";"8";"3";"solo_in_distinta";"BUTTER SPINACH 1 cup"
"9b8d28c5-2129-4d71-8c1d-3741457a5b3c";"Dijon Cognac Mustard Sauce";"9";"0";"manca_in_distinta";"Demi-Glace 350 g"
"9b8d28c5-2129-4d71-8c1d-3741457a5b3c";"Dijon Cognac Mustard Sauce";"9";"0";"manca_in_distinta";"Shallots 50 g"
"9b8d28c5-2129-4d71-8c1d-3741457a5b3c";"Dijon Cognac Mustard Sauce";"9";"0";"manca_in_distinta";"Cognac 60 g"
"9b8d28c5-2129-4d71-8c1d-3741457a5b3c";"Dijon Cognac Mustard Sauce";"9";"0";"manca_in_distinta";"Heavy Cream 60 g"
"9b8d28c5-2129-4d71-8c1d-3741457a5b3c";"Dijon Cognac Mustard Sauce";"9";"0";"manca_in_distinta";"Dijon Mustard 30 g"
"9b8d28c5-2129-4d71-8c1d-3741457a5b3c";"Dijon Cognac Mustard Sauce";"9";"0";"manca_in_distinta";"Whole Grain Mustard 10 g"
"9b8d28c5-2129-4d71-8c1d-3741457a5b3c";"Dijon Cognac Mustard Sauce";"9";"0";"manca_in_distinta";"Butter 15 g"
"9b8d28c5-2129-4d71-8c1d-3741457a5b3c";"Dijon Cognac Mustard Sauce";"9";"0";"manca_in_distinta";"Kosher Salt 2 g"
"9b8d28c5-2129-4d71-8c1d-3741457a5b3c";"Dijon Cognac Mustard Sauce";"9";"0";"manca_in_distinta";"Black Pepper 1 g"
"0475116c-b5d3-4c33-a180-4bf0e37d0bf6";"Pear & Pecorino Salad (legacy - archived)";"9";"0";"manca_in_distinta";"spinach 60 g"
"0475116c-b5d3-4c33-a180-4bf0e37d0bf6";"Pear & Pecorino Salad (legacy - archived)";"9";"0";"manca_in_distinta";"spring mix 35 g"
"0475116c-b5d3-4c33-a180-4bf0e37d0bf6";"Pear & Pecorino Salad (legacy - archived)";"9";"0";"manca_in_distinta";"Strawberries 30 g"
"0475116c-b5d3-4c33-a180-4bf0e37d0bf6";"Pear & Pecorino Salad (legacy - archived)";"9";"0";"manca_in_distinta";"Cherry Tomatoes 40 g"
"0475116c-b5d3-4c33-a180-4bf0e37d0bf6";"Pear & Pecorino Salad (legacy - archived)";"9";"0";"manca_in_distinta";"croutons 10 g"
"0475116c-b5d3-4c33-a180-4bf0e37d0bf6";"Pear & Pecorino Salad (legacy - archived)";"9";"0";"manca_in_distinta";"goat cheese crumbled 23 g"
"0475116c-b5d3-4c33-a180-4bf0e37d0bf6";"Pear & Pecorino Salad (legacy - archived)";"9";"0";"manca_in_distinta";"pistachios 10 g"
"0475116c-b5d3-4c33-a180-4bf0e37d0bf6";"Pear & Pecorino Salad (legacy - archived)";"9";"0";"manca_in_distinta";"Bacon Crumble 20 g"
"0475116c-b5d3-4c33-a180-4bf0e37d0bf6";"Pear & Pecorino Salad (legacy - archived)";"9";"0";"manca_in_distinta";"dressing 50 g"
"e912dd3d-caec-4401-9724-399278efcdf0";"BEEF STOCK";"9";"7";"pezzi_in_grammi";"carrots: originale 4 (pezzi), distinta 4 g"
"e912dd3d-caec-4401-9724-399278efcdf0";"BEEF STOCK";"9";"7";"pezzi_in_grammi";"onions: originale 6 (pezzi), distinta 6 g"
"e912dd3d-caec-4401-9724-399278efcdf0";"BEEF STOCK";"9";"7";"pezzi_in_grammi";"Garlic: originale 16 (pezzi), distinta 16 g"
"e912dd3d-caec-4401-9724-399278efcdf0";"BEEF STOCK";"9";"7";"pezzi_in_grammi";"Butter: originale 1 (pezzi), distinta 1 g"
"e912dd3d-caec-4401-9724-399278efcdf0";"BEEF STOCK";"9";"7";"pezzi_in_grammi";"thyme: originale 1 (pezzi), distinta 1 g"
"e912dd3d-caec-4401-9724-399278efcdf0";"BEEF STOCK";"9";"7";"pezzi_in_grammi";"Sage: originale 2 (pezzi), distinta 2 g"
"e912dd3d-caec-4401-9724-399278efcdf0";"BEEF STOCK";"9";"7";"manca_in_distinta";"leftover filett (the fat ones) "
"e912dd3d-caec-4401-9724-399278efcdf0";"BEEF STOCK";"9";"7";"manca_in_distinta";"red wine (the good wine) 1 l"
"9e373f6a-55d0-4f69-97e0-03a59cacb38a";"Veal Chop with Roasted Grapes and Red Wine Demi";"8";"0";"manca_in_distinta";"Demi-Glace 350 g"
"9e373f6a-55d0-4f69-97e0-03a59cacb38a";"Veal Chop with Roasted Grapes and Red Wine Demi";"8";"0";"manca_in_distinta";"Red Seedless Grapes 150 g"
"9e373f6a-55d0-4f69-97e0-03a59cacb38a";"Veal Chop with Roasted Grapes and Red Wine Demi";"8";"0";"manca_in_distinta";"Cabernet Sauvignon 80 g"
"9e373f6a-55d0-4f69-97e0-03a59cacb38a";"Veal Chop with Roasted Grapes and Red Wine Demi";"8";"0";"manca_in_distinta";"Shallots 40 g"
"9e373f6a-55d0-4f69-97e0-03a59cacb38a";"Veal Chop with Roasted Grapes and Red Wine Demi";"8";"0";"manca_in_distinta";"Unsalted Butter 15 g"
"9e373f6a-55d0-4f69-97e0-03a59cacb38a";"Veal Chop with Roasted Grapes and Red Wine Demi";"8";"0";"manca_in_distinta";"Fresh Rosemary 5 g"
"9e373f6a-55d0-4f69-97e0-03a59cacb38a";"Veal Chop with Roasted Grapes and Red Wine Demi";"8";"0";"manca_in_distinta";"Kosher Salt 2 g"
"9e373f6a-55d0-4f69-97e0-03a59cacb38a";"Veal Chop with Roasted Grapes and Red Wine Demi";"8";"0";"manca_in_distinta";"Black Pepper 1 g"
"e6d2f735-3a8f-4e8c-b8d1-fa20762732a7";"Zeno's Tuscan Mustard Demi";"8";"0";"manca_in_distinta";"Demi-Glace 400 g"
"e6d2f735-3a8f-4e8c-b8d1-fa20762732a7";"Zeno's Tuscan Mustard Demi";"8";"0";"manca_in_distinta";"Vin Santo 60 g"
"e6d2f735-3a8f-4e8c-b8d1-fa20762732a7";"Zeno's Tuscan Mustard Demi";"8";"0";"manca_in_distinta";"Dijon Mustard 25 g"
"e6d2f735-3a8f-4e8c-b8d1-fa20762732a7";"Zeno's Tuscan Mustard Demi";"8";"0";"manca_in_distinta";"Whole Grain Mustard 15 g"
"e6d2f735-3a8f-4e8c-b8d1-fa20762732a7";"Zeno's Tuscan Mustard Demi";"8";"0";"manca_in_distinta";"Fresh Rosemary 5 g"
"e6d2f735-3a8f-4e8c-b8d1-fa20762732a7";"Zeno's Tuscan Mustard Demi";"8";"0";"manca_in_distinta";"Butter 10 g"
"e6d2f735-3a8f-4e8c-b8d1-fa20762732a7";"Zeno's Tuscan Mustard Demi";"8";"0";"manca_in_distinta";"Kosher Salt 2 g"
"e6d2f735-3a8f-4e8c-b8d1-fa20762732a7";"Zeno's Tuscan Mustard Demi";"8";"0";"manca_in_distinta";"Black Pepper 1 g"
"9b5ac825-6d5d-47bc-9062-d828b409dbb6";"Dijon Mustard Demi-Glace";"7";"0";"manca_in_distinta";"Demi-Glace 400 g"
"9b5ac825-6d5d-47bc-9062-d828b409dbb6";"Dijon Mustard Demi-Glace";"7";"0";"manca_in_distinta";"Shallots 50 g"
"9b5ac825-6d5d-47bc-9062-d828b409dbb6";"Dijon Mustard Demi-Glace";"7";"0";"manca_in_distinta";"White Wine 80 g"
"9b5ac825-6d5d-47bc-9062-d828b409dbb6";"Dijon Mustard Demi-Glace";"7";"0";"manca_in_distinta";"Dijon Mustard 25 g"
"9b5ac825-6d5d-47bc-9062-d828b409dbb6";"Dijon Mustard Demi-Glace";"7";"0";"manca_in_distinta";"Whole Grain Mustard 15 g"
"9b5ac825-6d5d-47bc-9062-d828b409dbb6";"Dijon Mustard Demi-Glace";"7";"0";"manca_in_distinta";"Butter 15 g"
"9b5ac825-6d5d-47bc-9062-d828b409dbb6";"Dijon Mustard Demi-Glace";"7";"0";"manca_in_distinta";"Thyme 2 g"
"83f77a2c-deff-4906-9ee1-6839bdd4a731";"TIRAMISU NEL SIFONE";"11";"8";"pezzi_in_grammi";"Egg Yolk: originale 120 (pezzi), distinta 120 g"
"83f77a2c-deff-4906-9ee1-6839bdd4a731";"TIRAMISU NEL SIFONE";"11";"8";"pezzi_in_grammi";"co2: originale 2 (pezzi), distinta 2 g"
"83f77a2c-deff-4906-9ee1-6839bdd4a731";"TIRAMISU NEL SIFONE";"11";"8";"pezzi_in_grammi";"savoiardi: originale 16 (pezzi), distinta 16 g"
"83f77a2c-deff-4906-9ee1-6839bdd4a731";"TIRAMISU NEL SIFONE";"11";"8";"quantita";"espresso americano with a bit of sugar and 4 ice cubes: originale 300 g, distinta 1 tbsp"
"83f77a2c-deff-4906-9ee1-6839bdd4a731";"TIRAMISU NEL SIFONE";"11";"8";"manca_in_distinta";"salt  1 nothing 1 pizzico"
"83f77a2c-deff-4906-9ee1-6839bdd4a731";"TIRAMISU NEL SIFONE";"11";"8";"manca_in_distinta";"sugar 1 tbsp"
"83f77a2c-deff-4906-9ee1-6839bdd4a731";"TIRAMISU NEL SIFONE";"11";"8";"manca_in_distinta";"(opzionale) 1 tbsp"
"04e67b38-cb7d-422e-8f5a-dd9c82af4295";"Filetto di manzo al merlot";"4";"6";"manca_in_distinta";"Beef Filet 400 g"
"04e67b38-cb7d-422e-8f5a-dd9c82af4295";"Filetto di manzo al merlot";"4";"6";"manca_in_distinta";"MERLOT REDUCTION 80 ml"
"04e67b38-cb7d-422e-8f5a-dd9c82af4295";"Filetto di manzo al merlot";"4";"6";"manca_in_distinta";"Bacon 50 g"
"04e67b38-cb7d-422e-8f5a-dd9c82af4295";"Filetto di manzo al merlot";"4";"6";"solo_in_distinta";"Filets 1 pz"
"04e67b38-cb7d-422e-8f5a-dd9c82af4295";"Filetto di manzo al merlot";"4";"6";"solo_in_distinta";"Ribeye Salt 4 g"
"04e67b38-cb7d-422e-8f5a-dd9c82af4295";"Filetto di manzo al merlot";"4";"6";"solo_in_distinta";"Mash Potato 150 g"
"04e67b38-cb7d-422e-8f5a-dd9c82af4295";"Filetto di manzo al merlot";"4";"6";"solo_in_distinta";"Arugula 30 g"
"04e67b38-cb7d-422e-8f5a-dd9c82af4295";"Filetto di manzo al merlot";"4";"6";"solo_in_distinta";"Rosemary Oil 10 g"
"6b788557-58c6-497c-9d23-e8d8743627ca";"BESCIAMELLA";"5";"0";"manca_in_distinta";"Flour 1500 g"
"6b788557-58c6-497c-9d23-e8d8743627ca";"BESCIAMELLA";"5";"0";"manca_in_distinta";"2 gallons 11.33 g"
"6b788557-58c6-497c-9d23-e8d8743627ca";"BESCIAMELLA";"5";"0";"manca_in_distinta";"groung nutmeg 2 g"
"6b788557-58c6-497c-9d23-e8d8743627ca";"BESCIAMELLA";"5";"0";"manca_in_distinta";"Butter 1300 g"
"6b788557-58c6-497c-9d23-e8d8743627ca";"BESCIAMELLA";"5";"0";"manca_in_distinta";"salt 100 g"
"fefee57c-b64d-4903-9373-9a81ce56ce44";"CONFIT SALT";"8";"7";"pezzi_in_grammi";"Orange Zest: originale 0.08 (pezzi), distinta 0.08 g"
"fefee57c-b64d-4903-9373-9a81ce56ce44";"CONFIT SALT";"8";"7";"pezzi_in_grammi";"Lime Zest: originale 0.08 (pezzi), distinta 0.08 g"
"fefee57c-b64d-4903-9373-9a81ce56ce44";"CONFIT SALT";"8";"7";"pezzi_in_grammi";"Garlic: originale 1 (pezzi), distinta 1 g"
"fefee57c-b64d-4903-9373-9a81ce56ce44";"CONFIT SALT";"8";"7";"pezzi_in_grammi";"star anice: originale 1 (pezzi), distinta 1 g"
"fefee57c-b64d-4903-9373-9a81ce56ce44";"CONFIT SALT";"8";"7";"manca_in_distinta";"lemons grated 1"
"5c3cc880-baa9-48aa-b280-6de57001578f";"Limoncello Cake";"8";"5";"quantita";"gluten free sponge cake 1 full recipe: originale 700 g, distinta 1 pz"
"5c3cc880-baa9-48aa-b280-6de57001578f";"Limoncello Cake";"8";"5";"quantita";"italian cream: originale 1450 g, distinta 121 g"
"5c3cc880-baa9-48aa-b280-6de57001578f";"Limoncello Cake";"8";"5";"quantita";"limoncello: originale 200 g, distinta 40 g"
"5c3cc880-baa9-48aa-b280-6de57001578f";"Limoncello Cake";"8";"5";"manca_in_distinta";"almond 100 g"
"5c3cc880-baa9-48aa-b280-6de57001578f";"Limoncello Cake";"8";"5";"manca_in_distinta";"sugar 200 g"
"5c3cc880-baa9-48aa-b280-6de57001578f";"Limoncello Cake";"8";"5";"manca_in_distinta";"water 20 g"
"d6779d2a-46e8-4e47-8f3b-4a4bf0b0a150";"SUPPLI AL TELEFONO";"9";"6";"pezzi_in_grammi";"Thyme: originale 1 (pezzi), distinta 1 g"
"d6779d2a-46e8-4e47-8f3b-4a4bf0b0a150";"SUPPLI AL TELEFONO";"9";"6";"quantita";"eggs and breadcrumbs twice: originale 20, distinta 500 g"
"d6779d2a-46e8-4e47-8f3b-4a4bf0b0a150";"SUPPLI AL TELEFONO";"9";"6";"nome";"""Parmesan Cheese"" nell'originale, ""Parmesan Grated"" nella distinta (200 g)"
"d6779d2a-46e8-4e47-8f3b-4a4bf0b0a150";"SUPPLI AL TELEFONO";"9";"6";"manca_in_distinta";"stock / water and 1 buillon 2.7 l"
"d6779d2a-46e8-4e47-8f3b-4a4bf0b0a150";"SUPPLI AL TELEFONO";"9";"6";"manca_in_distinta";"ragu-ragu 1 kg"
"d6779d2a-46e8-4e47-8f3b-4a4bf0b0a150";"SUPPLI AL TELEFONO";"9";"6";"manca_in_distinta";"breadcrumbs 500 g"
"8bcabcb0-f983-420c-82d2-b3b87be347cc";"Wagyu Ribeye";"7";"6";"quantita";"flower: originale 2, distinta 1 pz"
"8bcabcb0-f983-420c-82d2-b3b87be347cc";"Wagyu Ribeye";"7";"6";"manca_in_distinta";"wagyu beef 20 oz"
"8bcabcb0-f983-420c-82d2-b3b87be347cc";"Wagyu Ribeye";"7";"6";"manca_in_distinta";"burbon 1 oz"
"8bcabcb0-f983-420c-82d2-b3b87be347cc";"Wagyu Ribeye";"7";"6";"manca_in_distinta";"average side 1"
"8bcabcb0-f983-420c-82d2-b3b87be347cc";"Wagyu Ribeye";"7";"6";"solo_in_distinta";"Wagyu Ribeye Portioned 1 pz"
"8bcabcb0-f983-420c-82d2-b3b87be347cc";"Wagyu Ribeye";"7";"6";"solo_in_distinta";"Arugula 30 g"
"ba1309ed-4733-459e-9b5b-0fc5896d556c";"WINE REDUCTION";"9";"8";"pezzi_in_grammi";"Bay Leaves: originale 1 (pezzi), distinta 1 g"
"ba1309ed-4733-459e-9b5b-0fc5896d556c";"WINE REDUCTION";"9";"8";"pezzi_in_grammi";"juniper seeds: originale 2 (pezzi), distinta 2 g"
"ba1309ed-4733-459e-9b5b-0fc5896d556c";"WINE REDUCTION";"9";"8";"pezzi_in_grammi";"cloves: originale 1 (pezzi), distinta 1 g"
"ba1309ed-4733-459e-9b5b-0fc5896d556c";"WINE REDUCTION";"9";"8";"pezzi_in_grammi";"small piece of cinnamon: originale 1 (pezzi), distinta 1 g"
"ba1309ed-4733-459e-9b5b-0fc5896d556c";"WINE REDUCTION";"9";"8";"manca_in_distinta";"tip of rosmary 1"
"54f4527a-e516-4995-a855-2fd6865574df";"CROUTONS";"7";"7";"quantita";"Sourdough Bread: originale 30 g, distinta 1000 g"
"54f4527a-e516-4995-a855-2fd6865574df";"CROUTONS";"7";"7";"quantita";"italian seasoning: originale 0.3 g, distinta 20 g"
"54f4527a-e516-4995-a855-2fd6865574df";"CROUTONS";"7";"7";"quantita";"Garlic: originale 0.6 g, distinta 10 g"
"54f4527a-e516-4995-a855-2fd6865574df";"CROUTONS";"7";"7";"quantita";"oregano: originale 0.15 g, distinta 5 g"
"54f4527a-e516-4995-a855-2fd6865574df";"CROUTONS";"7";"7";"quantita";"Extra Virgin Olive Oil: originale 0.9 g, distinta 30 g"
"54f4527a-e516-4995-a855-2fd6865574df";"CROUTONS";"7";"7";"quantita";"paprika: originale 0.45 g, distinta 15 g"
"54f4527a-e516-4995-a855-2fd6865574df";"CROUTONS";"7";"7";"quantita";"nutmeg: originale 0.15 g, distinta 5 g"
"bd728d58-b60c-465c-bba5-c20586373937";"LEMON TARTE";"19";"18";"quantita";"room temperature butter: originale 165 g, distinta 50 g"
"bd728d58-b60c-465c-bba5-c20586373937";"LEMON TARTE";"19";"18";"pezzi_in_grammi";"yeast for cake: originale 1 (pezzi), distinta 1 g"
"bd728d58-b60c-465c-bba5-c20586373937";"LEMON TARTE";"19";"18";"pezzi_in_grammi";"Lemon: originale 1 (pezzi), distinta 1 g"
"bd728d58-b60c-465c-bba5-c20586373937";"LEMON TARTE";"19";"18";"pezzi_in_grammi";"Lemon: originale 3 (pezzi), distinta 3 g"
"bd728d58-b60c-465c-bba5-c20586373937";"LEMON TARTE";"19";"18";"manca_in_distinta";"butter 50 g"
"a869f760-56ca-409f-b005-166ac2583cd1";"Salmon Pistachio";"9";"7";"pezzi_in_grammi";"flower: originale 1 (pezzi), distinta 1 g"
"a869f760-56ca-409f-b005-166ac2583cd1";"Salmon Pistachio";"9";"7";"manca_in_distinta";"50 gr crumble pistacio 30 g"
"a869f760-56ca-409f-b005-166ac2583cd1";"Salmon Pistachio";"9";"7";"manca_in_distinta";"lemon cream 50 ml"
"a869f760-56ca-409f-b005-166ac2583cd1";"Salmon Pistachio";"9";"7";"manca_in_distinta";"average side 1"
"a869f760-56ca-409f-b005-166ac2583cd1";"Salmon Pistachio";"9";"7";"solo_in_distinta";"Edible Flower 1 pz"
"2fda05d3-4381-44ed-9f34-1143a4742b44";"SCALOPPINA AI FUNGHI";"6";"4";"pezzi_in_grammi";"flower: originale 1 (pezzi), distinta 1 g"
"2fda05d3-4381-44ed-9f34-1143a4742b44";"SCALOPPINA AI FUNGHI";"6";"4";"manca_in_distinta";"chicken scaloppina 1"
"2fda05d3-4381-44ed-9f34-1143a4742b44";"SCALOPPINA AI FUNGHI";"6";"4";"manca_in_distinta";"shitake mushrooms ( 50 gr sauted ) 100 g"
"2fda05d3-4381-44ed-9f34-1143a4742b44";"SCALOPPINA AI FUNGHI";"6";"4";"manca_in_distinta";"average side 1"
"2fda05d3-4381-44ed-9f34-1143a4742b44";"SCALOPPINA AI FUNGHI";"6";"4";"solo_in_distinta";"Edible Flower 1 pz"
"06b011c6-cd17-42c4-8452-6e1146449d87";"Tuscan Lamb Chops";"9";"8";"pezzi_in_grammi";"vacuum bag: originale 1 (pezzi), distinta 1 g"
"06b011c6-cd17-42c4-8452-6e1146449d87";"Tuscan Lamb Chops";"9";"8";"pezzi_in_grammi";"flower: originale 1 (pezzi), distinta 1 g"
"06b011c6-cd17-42c4-8452-6e1146449d87";"Tuscan Lamb Chops";"9";"8";"manca_in_distinta";"potatoes foam 30 g"
"06b011c6-cd17-42c4-8452-6e1146449d87";"Tuscan Lamb Chops";"9";"8";"manca_in_distinta";"average side 1"
"06b011c6-cd17-42c4-8452-6e1146449d87";"Tuscan Lamb Chops";"9";"8";"solo_in_distinta";"Edible Flower 1 pz"
"55eb8577-8c69-42c3-a20e-12d671504f2d";"Branzino Chef Style";"9";"11";"quantita";"Parsley: originale 5 g, distinta 10 g"
"55eb8577-8c69-42c3-a20e-12d671504f2d";"Branzino Chef Style";"9";"11";"quantita";"Lemon: originale 5 g, distinta 10 g"
"55eb8577-8c69-42c3-a20e-12d671504f2d";"Branzino Chef Style";"9";"11";"manca_in_distinta";"Whole branzino 900 g"
"55eb8577-8c69-42c3-a20e-12d671504f2d";"Branzino Chef Style";"9";"11";"solo_in_distinta";"Branzino Tableside 1 pz"
"55eb8577-8c69-42c3-a20e-12d671504f2d";"Branzino Chef Style";"9";"11";"solo_in_distinta";"Arugula 30 g"
"55eb8577-8c69-42c3-a20e-12d671504f2d";"Branzino Chef Style";"9";"11";"solo_in_distinta";"Edible Flower 1 g"
"49c601cd-7679-4a80-9e48-41712a7219c5";"Bresaola";"6";"6";"quantita";"Cooked Ham / Salami / Bresaola: originale 40 g, distinta 50 g"
"49c601cd-7679-4a80-9e48-41712a7219c5";"Bresaola";"6";"6";"quantita";"Balsamic Glaze: originale 10 g, distinta 15 g"
"49c601cd-7679-4a80-9e48-41712a7219c5";"Bresaola";"6";"6";"quantita";"CITRONETTE: originale 10 g, distinta 30 g"
"49c601cd-7679-4a80-9e48-41712a7219c5";"Bresaola";"6";"6";"nome";"""TOMATO X BRUSCHETTA"" nell'originale, ""Shaved Parmesan"" nella distinta (30 g)"
"49c601cd-7679-4a80-9e48-41712a7219c5";"Bresaola";"6";"6";"manca_in_distinta";"Parmesan Flakes 10 g"
"49c601cd-7679-4a80-9e48-41712a7219c5";"Bresaola";"6";"6";"solo_in_distinta";"Cherry Tomatoes 30 g"
"a1ef2e0d-79f2-45f6-8043-af1ce21c95ca";"FLAN TRIO";"5";"5";"pezzi_in_grammi";"zuccchini flan: originale 10 (pezzi), distinta 10 g"
"a1ef2e0d-79f2-45f6-8043-af1ce21c95ca";"FLAN TRIO";"5";"5";"pezzi_in_grammi";"carrots flan: originale 10 (pezzi), distinta 10 g"
"a1ef2e0d-79f2-45f6-8043-af1ce21c95ca";"FLAN TRIO";"5";"5";"pezzi_in_grammi";"peppers flan: originale 10 (pezzi), distinta 10 g"
"a1ef2e0d-79f2-45f6-8043-af1ce21c95ca";"FLAN TRIO";"5";"5";"pezzi_in_grammi";"flower: originale 10 (pezzi), distinta 10 g"
"36630463-815a-4dff-b00e-fb3ade21ebe4";"Tagliata Alla Griglia Ny Strip";"12";"11";"pezzi_in_grammi";"flower: originale 1 (pezzi), distinta 1 g"
"36630463-815a-4dff-b00e-fb3ade21ebe4";"Tagliata Alla Griglia Ny Strip";"12";"11";"nome";"""parmesan flakes"" nell'originale, ""Shaved Parmesan"" nella distinta (10 g)"
"36630463-815a-4dff-b00e-fb3ade21ebe4";"Tagliata Alla Griglia Ny Strip";"12";"11";"manca_in_distinta";"oil 5 g"
"36630463-815a-4dff-b00e-fb3ade21ebe4";"Tagliata Alla Griglia Ny Strip";"12";"11";"manca_in_distinta";"average side 1"
"36630463-815a-4dff-b00e-fb3ade21ebe4";"Tagliata Alla Griglia Ny Strip";"12";"11";"solo_in_distinta";"Edible Flower 1 pz"
"936c88b4-2685-41ea-b58c-8ac6c103e4d4";"BRAIDED BRANZINO";"7";"7";"pezzi_in_grammi";"flower: originale 1 (pezzi), distinta 1 g"
"936c88b4-2685-41ea-b58c-8ac6c103e4d4";"BRAIDED BRANZINO";"7";"7";"pezzi_in_grammi";"sea bass filet: originale 1 (pezzi), distinta 1 g"
"936c88b4-2685-41ea-b58c-8ac6c103e4d4";"BRAIDED BRANZINO";"7";"7";"manca_in_distinta";"average side 1"
"936c88b4-2685-41ea-b58c-8ac6c103e4d4";"BRAIDED BRANZINO";"7";"7";"solo_in_distinta";"Edible Flower 1 pz"
"050ab653-565d-45b3-8a11-bfcb5a06b149";"CHICKEN PIZZAIOLA";"7";"7";"pezzi_in_grammi";"scaloppina  (200 gr ): originale 1 (pezzi), distinta 1 g"
"050ab653-565d-45b3-8a11-bfcb5a06b149";"CHICKEN PIZZAIOLA";"7";"7";"pezzi_in_grammi";"flower: originale 1 (pezzi), distinta 1 g"
"050ab653-565d-45b3-8a11-bfcb5a06b149";"CHICKEN PIZZAIOLA";"7";"7";"manca_in_distinta";"average side 1"
"050ab653-565d-45b3-8a11-bfcb5a06b149";"CHICKEN PIZZAIOLA";"7";"7";"solo_in_distinta";"Edible Flower 1 pz"
"ea372ce7-d01c-4533-ad13-0afffd898770";"BRANZINO TABLE SIDE";"5";"4";"quantita";"flower: originale 2, distinta 1 g"
"ea372ce7-d01c-4533-ad13-0afffd898770";"BRANZINO TABLE SIDE";"5";"4";"manca_in_distinta";"average side 2"
"ea372ce7-d01c-4533-ad13-0afffd898770";"BRANZINO TABLE SIDE";"5";"4";"manca_in_distinta";"average side 1"
"ea372ce7-d01c-4533-ad13-0afffd898770";"BRANZINO TABLE SIDE";"5";"4";"solo_in_distinta";"Arugula 30 g"
"f5ef7d5c-9734-4dcc-b652-0093eac0c2c1";"Ciopino";"11";"12";"pezzi_in_grammi";"clams: originale 4 (pezzi), distinta 4 g"
"f5ef7d5c-9734-4dcc-b652-0093eac0c2c1";"Ciopino";"11";"12";"manca_in_distinta";"oil 20 g"
"f5ef7d5c-9734-4dcc-b652-0093eac0c2c1";"Ciopino";"11";"12";"solo_in_distinta";"Arugula 30 g"
"f5ef7d5c-9734-4dcc-b652-0093eac0c2c1";"Ciopino";"11";"12";"solo_in_distinta";"Edible Flower 1 pz"
"1eb76804-a503-439c-9a7a-36381304922c";"cubo di cocomero e ciliegino confit";"4";"1";"nome";"""Cherry Tomatoes"" nell'originale, ""Halved Tomatoes"" nella distinta (800 g)"
"1eb76804-a503-439c-9a7a-36381304922c";"cubo di cocomero e ciliegino confit";"4";"1";"manca_in_distinta";"cocomero 8 kg"
"1eb76804-a503-439c-9a7a-36381304922c";"cubo di cocomero e ciliegino confit";"4";"1";"manca_in_distinta";"sale confit 200 g"
"1eb76804-a503-439c-9a7a-36381304922c";"cubo di cocomero e ciliegino confit";"4";"1";"manca_in_distinta";"glassa balsamico 300 g"
"cc460bbf-5955-4921-b5e3-720efb821232";"Lasagna";"7";"6";"pezzi_in_grammi";"pan: originale 1 (pezzi), distinta 1 g"
"cc460bbf-5955-4921-b5e3-720efb821232";"Lasagna";"7";"6";"pezzi_in_grammi";"lid: originale 1 (pezzi), distinta 1 g"
"cc460bbf-5955-4921-b5e3-720efb821232";"Lasagna";"7";"6";"nome";"""Parmesan Cheese"" nell'originale, ""Parmesan Grated"" nella distinta (120 g)"
"cc460bbf-5955-4921-b5e3-720efb821232";"Lasagna";"7";"6";"manca_in_distinta";"bolognese sauce 800 g"
"d037325d-6bdf-4159-a55b-f41c41ac35c5";"PARMESAN NEST MINI CAESAR";"5";"2";"nome";"""Parmesan Cheese"" nell'originale, ""Parmesan Grated"" nella distinta (50 g)"
"d037325d-6bdf-4159-a55b-f41c41ac35c5";"PARMESAN NEST MINI CAESAR";"5";"2";"manca_in_distinta";"crostini 10 g"
"d037325d-6bdf-4159-a55b-f41c41ac35c5";"PARMESAN NEST MINI CAESAR";"5";"2";"manca_in_distinta";"citronette 40 ml"
"d037325d-6bdf-4159-a55b-f41c41ac35c5";"PARMESAN NEST MINI CAESAR";"5";"2";"manca_in_distinta";"fiore 1"
"7acdefd4-f6fd-4c9e-bd80-be18d4407b40";"Ribeye Prime Green Peppers Corn";"2";"6";"quantita";"Ribeye: originale 340 g, distinta 1 pz"
"7acdefd4-f6fd-4c9e-bd80-be18d4407b40";"Ribeye Prime Green Peppers Corn";"2";"6";"solo_in_distinta";"Mash Potato 150 g"
"7acdefd4-f6fd-4c9e-bd80-be18d4407b40";"Ribeye Prime Green Peppers Corn";"2";"6";"solo_in_distinta";"Arugula 30 g"
"7acdefd4-f6fd-4c9e-bd80-be18d4407b40";"Ribeye Prime Green Peppers Corn";"2";"6";"solo_in_distinta";"Edible Flower 1 pz"
"7acdefd4-f6fd-4c9e-bd80-be18d4407b40";"Ribeye Prime Green Peppers Corn";"2";"6";"solo_in_distinta";"Rosemary Oil 10 g"
"ec2767c4-8260-46c0-bc53-cb27d1601197";"Salmon Salad";"6";"3";"nome";"""Croutons"" nell'originale, ""Seed Mix"" nella distinta (10 g)"
"ec2767c4-8260-46c0-bc53-cb27d1601197";"Salmon Salad";"6";"3";"manca_in_distinta";"salmon sauce 100 g"
"ec2767c4-8260-46c0-bc53-cb27d1601197";"Salmon Salad";"6";"3";"manca_in_distinta";"1/2 avocado 100 g"
"ec2767c4-8260-46c0-bc53-cb27d1601197";"Salmon Salad";"6";"3";"manca_in_distinta";"Seeds 5 g"
"9c3e3b98-0392-4bce-bbf2-384be838ac7a";"Uva bianca e caprino";"6";"3";"nome";"""caprino"" nell'originale, ""Parmesan Grated"" nella distinta (200 g)"
"9c3e3b98-0392-4bce-bbf2-384be838ac7a";"Uva bianca e caprino";"6";"3";"manca_in_distinta";"Parmesan Cheese 200 g"
"9c3e3b98-0392-4bce-bbf2-384be838ac7a";"Uva bianca e caprino";"6";"3";"manca_in_distinta";"uva bianca 1500 g"
"9c3e3b98-0392-4bce-bbf2-384be838ac7a";"Uva bianca e caprino";"6";"3";"manca_in_distinta";"fiori eduli 1 kg"
"f19e8055-0713-4823-8206-6db9ac4a5291";"CAPRESE SHOT";"9";"8";"quantita";"confit salt: originale 100 g, distinta 1 g"
"f19e8055-0713-4823-8206-6db9ac4a5291";"CAPRESE SHOT";"9";"8";"pezzi_in_grammi";"shot glass: originale 100 (pezzi), distinta 100 g"
"f19e8055-0713-4823-8206-6db9ac4a5291";"CAPRESE SHOT";"9";"8";"nome";"""cherry tomatoes"" nell'originale, ""Halved Tomatoes"" nella distinta (900 g)"
"f19e8055-0713-4823-8206-6db9ac4a5291";"CAPRESE SHOT";"9";"8";"manca_in_distinta";"salt 1"
"aebcde3d-b888-4e08-8bbb-e45a68eb108c";"crostone margherita";"4";"2";"pezzi_in_grammi";"turano: originale 1 (pezzi), distinta 1 g"
"aebcde3d-b888-4e08-8bbb-e45a68eb108c";"crostone margherita";"4";"2";"manca_in_distinta";"salsa di pomodoro 100 g"
"aebcde3d-b888-4e08-8bbb-e45a68eb108c";"crostone margherita";"4";"2";"manca_in_distinta";"fiore 1"
"68b4e977-797a-4221-b9ec-3b9ed3233633";"Mint Bavarese";"14";"12";"pezzi_in_grammi";"alluminium cups: originale 12 (pezzi), distinta 12 g"
"68b4e977-797a-4221-b9ec-3b9ed3233633";"Mint Bavarese";"14";"12";"manca_in_distinta";"c57pst1 12"
"68b4e977-797a-4221-b9ec-3b9ed3233633";"Mint Bavarese";"14";"12";"manca_in_distinta";"brownies 50 g"
"c58bfd1c-0738-45db-820b-dd65e863aa1e";"Cheesecake";"6";"7";"nome";"""sbricolati"" nell'originale, ""Animal Crackers"" nella distinta (425 g)"
"c58bfd1c-0738-45db-820b-dd65e863aa1e";"Cheesecake";"6";"7";"manca_in_distinta";"pk85sc+lid 16"
"c58bfd1c-0738-45db-820b-dd65e863aa1e";"Cheesecake";"6";"7";"solo_in_distinta";"Heavy Cream 300 g"
"c58bfd1c-0738-45db-820b-dd65e863aa1e";"Cheesecake";"6";"7";"solo_in_distinta";"Sugar 30 g"
"9e4ea921-93dc-4aaa-b2f2-2ff476dc3a08";"Italian Marble Cake";"9";"9";"pezzi_in_grammi";"Cocoa Powder: originale 1 (pezzi), distinta 1 g"
"9e4ea921-93dc-4aaa-b2f2-2ff476dc3a08";"Italian Marble Cake";"9";"9";"manca_in_distinta";"bailyes 1 oz"
"9e4ea921-93dc-4aaa-b2f2-2ff476dc3a08";"Italian Marble Cake";"9";"9";"solo_in_distinta";"Nutella mix 40 g"
"4486ff0f-c992-48f2-9163-1241d548efe3";"VEAL SALTIMBOCCA";"10";"10";"pezzi_in_grammi";"flower: originale 1 (pezzi), distinta 1 g"
"4486ff0f-c992-48f2-9163-1241d548efe3";"VEAL SALTIMBOCCA";"10";"10";"manca_in_distinta";"average side 1"
"4486ff0f-c992-48f2-9163-1241d548efe3";"VEAL SALTIMBOCCA";"10";"10";"solo_in_distinta";"Edible Flower 1 pz"
"c52ce069-1dce-4157-bbe5-d437472a80b8";"WELLINGTON";"10";"10";"pezzi_in_grammi";"flower: originale 1 (pezzi), distinta 1 g"
"c52ce069-1dce-4157-bbe5-d437472a80b8";"WELLINGTON";"10";"10";"manca_in_distinta";"average side 1"
"c52ce069-1dce-4157-bbe5-d437472a80b8";"WELLINGTON";"10";"10";"solo_in_distinta";"Edible Flower 1 pz"
"259864df-f5ce-4f86-b78d-8752126d1269";"add chicken";"4";"4";"quantita";"Butter: originale 10 g, distinta 20 g"
"259864df-f5ce-4f86-b78d-8752126d1269";"add chicken";"4";"4";"manca_in_distinta";"grill chicken 60 g"
"259864df-f5ce-4f86-b78d-8752126d1269";"add chicken";"4";"4";"solo_in_distinta";"Diced Grilled Chicken 100 g"
"1541d166-7dc8-4d40-96d2-7bafdb796497";"ANTIPASTO ITALIANO";"11";"9";"nome";"""truffle pecorino or pistaccio pecorino"" nell'originale, ""Pecorino Toscano"" nella distinta (30 g)"
"1541d166-7dc8-4d40-96d2-7bafdb796497";"ANTIPASTO ITALIANO";"11";"9";"manca_in_distinta";"heartchokes 100 g"
"1541d166-7dc8-4d40-96d2-7bafdb796497";"ANTIPASTO ITALIANO";"11";"9";"manca_in_distinta";"max meat mix 50 g"
"55b554be-3d37-44a3-9920-32388ed2a555";"MEAT MIX FOR CHARCUTERIE";"7";"5";"nome";"""Pecorino Romano"" nell'originale, ""Grated Pecorino"" nella distinta (130 g)"
"55b554be-3d37-44a3-9920-32388ed2a555";"MEAT MIX FOR CHARCUTERIE";"7";"5";"manca_in_distinta";"prama ham, salami, bresaola 180 g"
"55b554be-3d37-44a3-9920-32388ed2a555";"MEAT MIX FOR CHARCUTERIE";"7";"5";"manca_in_distinta";"garlic oil 30 g"
"3c7b1350-c516-469c-b953-9d87e77c15c0";"TOMATOES CONFIT";"8";"6";"nome";"""Cherry Tomatoes"" nell'originale, ""Halved Tomatoes"" nella distinta (0.11 kg)"
"3c7b1350-c516-469c-b953-9d87e77c15c0";"TOMATOES CONFIT";"8";"6";"manca_in_distinta";"confit salt 3.33 g"
"3c7b1350-c516-469c-b953-9d87e77c15c0";"TOMATOES CONFIT";"8";"6";"manca_in_distinta";"1 orange zeste 33.33 g"
"09169401-edc5-4c6b-8bea-c73525dd9f96";"Waygu Tomahawk";"5";"6";"manca_in_distinta";"Wagyu Beef 48 oz"
"09169401-edc5-4c6b-8bea-c73525dd9f96";"Waygu Tomahawk";"5";"6";"solo_in_distinta";"Wagyu Tomahawk Portioned 1 pz"
"09169401-edc5-4c6b-8bea-c73525dd9f96";"Waygu Tomahawk";"5";"6";"solo_in_distinta";"Arugula 30 g"
"4429c13f-8811-4e50-b9cc-77c8c9128da3";"Chicken Parmesan";"7";"9";"quantita";"SPAGHETTI FRESH PASTA: originale 0.5 each, distinta 1 nests"
"4429c13f-8811-4e50-b9cc-77c8c9128da3";"Chicken Parmesan";"7";"9";"solo_in_distinta";"Arugula 30 g"
"4429c13f-8811-4e50-b9cc-77c8c9128da3";"Chicken Parmesan";"7";"9";"solo_in_distinta";"Edible Flower 1 pz"
"d1083811-4ec2-460b-99c7-d65d4f189be8";"CONCIA PER PORCHETTA";"15";"13";"manca_in_distinta";"n4 cloves "
"d1083811-4ec2-460b-99c7-d65d4f189be8";"CONCIA PER PORCHETTA";"15";"13";"manca_in_distinta";"n 12 juniper seeds "
"aa3d4385-5b74-4625-8569-6acb172d5e0b";"CREME FRAICHES";"7";"5";"manca_in_distinta";"cocumber 0.21 kg"
"aa3d4385-5b74-4625-8569-6acb172d5e0b";"CREME FRAICHES";"7";"5";"manca_in_distinta";"ognion gold 106.25 g"
"77bfafd3-2010-40fd-9d8a-65c2b3a9f9d0";"Crumble di pistacchio";"5";"4";"pezzi_in_grammi";"Garlic: originale 2 (pezzi), distinta 2 g"
"77bfafd3-2010-40fd-9d8a-65c2b3a9f9d0";"Crumble di pistacchio";"5";"4";"manca_in_distinta";"white whole almonds 30 g"
"2a6827b0-8283-4da6-84d9-8bebd4527ec4";"FONDO BRUNO-DEMI GLACE";"9";"7";"manca_in_distinta";"leftover beef 5 kg"
"2a6827b0-8283-4da6-84d9-8bebd4527ec4";"FONDO BRUNO-DEMI GLACE";"9";"7";"manca_in_distinta";"Yellow Onion 2 kg"
"c3836a65-d74d-47ac-8944-ad439f76200f";"GNOCCHI";"5";"3";"manca_in_distinta";"flour 200 g"
"c3836a65-d74d-47ac-8944-ad439f76200f";"GNOCCHI";"5";"3";"manca_in_distinta";"semolina 100 g"
"ac5104a7-b8b6-4c5f-b926-bfcd9342b521";"LOBSTER CATALANA";"14";"13";"pezzi_in_grammi";"Flower: originale 2 (pezzi), distinta 2 g"
"ac5104a7-b8b6-4c5f-b926-bfcd9342b521";"LOBSTER CATALANA";"14";"13";"manca_in_distinta";"balsamic vinaigrette 50 g"
"fba9ea44-6f54-4246-8e34-f5e807cd83ce";"NEL BLU DIPINTO DI BLU";"8";"6";"manca_in_distinta";"cacio and pepper besciamel 30 g"
"fba9ea44-6f54-4246-8e34-f5e807cd83ce";"NEL BLU DIPINTO DI BLU";"8";"6";"manca_in_distinta";"Asparagus 150 g"
"15751790-1934-4db8-a40a-40cf3b39e4af";"PASTA FROLLA";"9";"9";"pezzi_in_grammi";"Vanilla Bean: originale 1 (pezzi), distinta 1 g"
"15751790-1934-4db8-a40a-40cf3b39e4af";"PASTA FROLLA";"9";"9";"pezzi_in_grammi";"Lemon Zest: originale 1 (pezzi), distinta 1 g"
"d4a647e2-f1bd-4aa3-8e6a-0cb6337999b8";"PASTA SFOGLIA";"5";"3";"manca_in_distinta";"soft butter 165 g"
"d4a647e2-f1bd-4aa3-8e6a-0cb6337999b8";"PASTA SFOGLIA";"5";"3";"manca_in_distinta";"cold butter in small cubes 400 g"
"8c3e6619-41c6-4119-aba6-392717430f86";"Ravioli Al Pesto";"8";"7";"quantita";"ravioli al limone: originale 9 kg, distinta 2 kg"
"8c3e6619-41c6-4119-aba6-392717430f86";"Ravioli Al Pesto";"8";"7";"nome";"""Parmesan Cheese"" nell'originale, ""Parmesan Grated"" nella distinta (350 g)"
"8c3e6619-41c6-4119-aba6-392717430f86";"Ravioli Al Pesto";"8";"7";"manca_in_distinta";"Lemon 2 kg"
"0d66b026-d0b6-4ceb-944e-307cb8655c7f";"RAVIOLI LIMONE AL PESTO DI RUCOLA";"4";"2";"manca_in_distinta";"ravioli limone 120 g"
"0d66b026-d0b6-4ceb-944e-307cb8655c7f";"RAVIOLI LIMONE AL PESTO DI RUCOLA";"4";"2";"manca_in_distinta";"zest 50 g"
"f066072e-03e0-4f98-b15b-7f53808449ec";"SALMON SAUCE";"10";"9";"pezzi_in_grammi";"Lemon: originale 0.01 (pezzi), distinta 0.01 g"
"f066072e-03e0-4f98-b15b-7f53808449ec";"SALMON SAUCE";"10";"9";"manca_in_distinta";"Garlic Oil 4.8 g"
"076e30a7-1ab3-43fd-af75-27e8ffbc37df";"SHOT MIMOSA CAKE";"8";"6";"manca_in_distinta";"gluten free sponge cake 1 full recipe 1400 g"
"076e30a7-1ab3-43fd-af75-27e8ffbc37df";"SHOT MIMOSA CAKE";"8";"6";"manca_in_distinta";"italian cream 2900 g"
"15b5aa1c-2724-4c5f-a11e-493076ed76e2";"TIMBERLAND FETTUCCINE";"5";"3";"manca_in_distinta";"fettuccine-fettucine 130 g"
"15b5aa1c-2724-4c5f-a11e-493076ed76e2";"TIMBERLAND FETTUCCINE";"5";"3";"manca_in_distinta";"ragu-ragu 60 g"
"0604d9da-137f-404f-bed5-41f0b82519b3";"VEAL VALDOSTANA";"10";"9";"pezzi_in_grammi";"flower: originale 1 (pezzi), distinta 1 g"
"0604d9da-137f-404f-bed5-41f0b82519b3";"VEAL VALDOSTANA";"10";"9";"manca_in_distinta";"average side 1"
"dbdc80fd-142f-4ca1-8f83-7bcebe19ee63";"Artichoke";"7";"6";"nome";"""Red Onions"" nell'originale, ""Onion Rings"" nella distinta (30 g)"
"dbdc80fd-142f-4ca1-8f83-7bcebe19ee63";"Artichoke";"7";"6";"nome";"""Parmigiano Reggiano"" nell'originale, ""Parmesan Grated"" nella distinta (10 g)"
"dbdc80fd-142f-4ca1-8f83-7bcebe19ee63";"Artichoke";"7";"6";"manca_in_distinta";"FETTUCCINE FRESH PASTA 4 each"
"fed0dc8e-d008-4d78-b522-99e059b19433";"FETTUCCINE BOLOGNESE";"2";"1";"quantita";"fettuccine: originale 130 g, distinta 2 nests"
"fed0dc8e-d008-4d78-b522-99e059b19433";"FETTUCCINE BOLOGNESE";"2";"1";"manca_in_distinta";"bolognese sauce 200 g"
"f873aa45-51e3-419c-a589-22070597e575";"House Salad";"6";"5";"nome";"""Cherry Tomatoes"" nell'originale, ""Halved Tomatoes"" nella distinta (20 g)"
"f873aa45-51e3-419c-a589-22070597e575";"House Salad";"6";"5";"nome";"""croutons"" nell'originale, ""Seed Mix"" nella distinta (10 g)"
"f873aa45-51e3-419c-a589-22070597e575";"House Salad";"6";"5";"manca_in_distinta";"seeds 6 g"
"9373cbac-194d-48b2-9956-b180235da7a0";"POTATOES FOAM";"12";"11";"quantita";"white wine  ( split in 2 ): originale 200 ml, distinta 100 ml"
"9373cbac-194d-48b2-9956-b180235da7a0";"POTATOES FOAM";"12";"11";"manca_in_distinta";"white wine 100 ml"
"9cda80a3-19c1-4165-b66a-fdbb61dfdd13";"Buffet Salad";"6";"5";"nome";"""cherry tomatoes"" nell'originale, ""Halved Tomatoes"" nella distinta (4 kg)"
"9cda80a3-19c1-4165-b66a-fdbb61dfdd13";"Buffet Salad";"6";"5";"manca_in_distinta";"citronette 1 l"
"1d9f9f59-afd6-4e6d-9b7c-dfaf3fac583f";"CACIO E PEPE SAUCE";"5";"5";"quantita";"milk: originale 128 oz, distinta 1 gallone"
"1d9f9f59-afd6-4e6d-9b7c-dfaf3fac583f";"CACIO E PEPE SAUCE";"5";"5";"nome";"""Pecorino Romano"" nell'originale, ""Grated Pecorino"" nella distinta (500 g)"
"1d9f9f59-afd6-4e6d-9b7c-dfaf3fac583f";"CACIO E PEPE SAUCE";"5";"5";"nome";"""Parmesan Cheese"" nell'originale, ""Parmesan Grated"" nella distinta (500 g)"
"b93420bd-5253-4beb-b693-2e346d831c08";"CHICKEN SCALOPPINA";"6";"8";"solo_in_distinta";"Arugula 30 g"
"b93420bd-5253-4beb-b693-2e346d831c08";"CHICKEN SCALOPPINA";"6";"8";"solo_in_distinta";"Edible Flower 1 pz"
"93e0f4f1-9889-407d-841c-c225659b684c";"Fettuccine Allo Scoglio";"7";"8";"quantita";"FETTUCCINE FRESH PASTA: originale 1 each, distinta 2 nests"
"93e0f4f1-9889-407d-841c-c225659b684c";"Fettuccine Allo Scoglio";"7";"8";"solo_in_distinta";"GARLIC OIL 30 g"
"a8cc53ff-2fd5-44e4-ae94-6d2d4da945c0";"FETTUCCINE FRESH PASTA";"4";"4";"quantita";"flour: originale 500 g, distinta 200 g"
"a8cc53ff-2fd5-44e4-ae94-6d2d4da945c0";"FETTUCCINE FRESH PASTA";"4";"4";"quantita";"semolina: originale 2.2 kg, distinta 2.3 kg"
"3fe428bd-ca72-4d23-8085-798d7656b6bd";"GARLIC OIL";"2";"2";"quantita";"Extra Virgin Olive Oil: originale 5 l, distinta 1900 g"
"3fe428bd-ca72-4d23-8085-798d7656b6bd";"GARLIC OIL";"2";"2";"quantita";"Garlic: originale 200 g, distinta 25 g"
"5fd0761d-fdda-4ac7-8743-0b54c3065e18";"SICILIAN MIX";"5";"4";"nome";"""Cherry Tomatoes"" nell'originale, ""Halved Tomatoes"" nella distinta (41.67 g)"
"5fd0761d-fdda-4ac7-8743-0b54c3065e18";"SICILIAN MIX";"5";"4";"manca_in_distinta";"garlic oil 2.08 g"
"b46474a9-625c-43c1-af58-1b1d01848af0";"TAGLIERE FORMAGGI";"6";"6";"pezzi_in_grammi";"burrata: originale 0.5 (pezzi), distinta 0.5 g"
"b46474a9-625c-43c1-af58-1b1d01848af0";"TAGLIERE FORMAGGI";"6";"6";"nome";"""Parmesan Cheese"" nell'originale, ""Shaved Parmesan"" nella distinta (50 g)"
"bb143696-c290-4fb3-816a-c2b9772378c3";"THYME BUTTER";"2";"2";"quantita";"butter: originale 5.62 g, distinta 1 lb"
"bb143696-c290-4fb3-816a-c2b9772378c3";"THYME BUTTER";"2";"2";"quantita";"thyme: originale 0.12 g, distinta 30 g"
"c52e1d3c-7bc4-43db-949f-55fdb2fbf249";"BASIL OIL";"5";"4";"manca_in_distinta";"oil 1 l"
"7c1ead39-290c-4782-b774-f7de794ee445";"BOLOGNESE SAUCE";"10";"9";"manca_in_distinta";"2 onion 4 carrots and 11 stick celery cut with the food processor very small pieces 400 g"
"dc983c86-ab51-4f19-a8e4-bffd972e2ca0";"CARROTS PURE' HOT";"8";"8";"pezzi_in_grammi";"lime: originale 1 (pezzi), distinta 1 g"
"80cfb456-5c91-4e5a-8523-44b8a34084e4";"CHICKEN PICCATA BUFFET";"6";"5";"manca_in_distinta";"chicken scaloppina 10"
"49c9fa22-32c7-477f-8937-5c42974e6457";"Choccolate mousse Cake";"4";"3";"manca_in_distinta";"gluten free sponge cake 700 g"
"3f433b8b-eb7f-4f55-90c6-64d25801d9b7";"CITRONETTE";"8";"7";"manca_in_distinta";"jellow mustard 9 g"
"a12e6972-a549-47fd-9ede-aa76e0650c05";"Crème Brûlée";"8";"7";"manca_in_distinta";"scorza grattugiata + 1"
"455460d6-1783-493a-af32-d4cc8d6e9bdb";"DEMI";"9";"9";"pezzi_in_grammi";"Garlic: originale 2 (pezzi), distinta 2 g"
"a8a1494e-a70e-4778-97ac-491e9896a7db";"FOCACCIA";"7";"6";"manca_in_distinta";"warm water 90 to 100 5 kg"
"ecd8d882-ae36-4909-a2a0-18bd026ba6df";"GIRARDINIERA JULIENNE";"10";"9";"manca_in_distinta";"caulliflower 350 g"
"202652d8-3390-4ed2-929d-0f6132d06ead";"GLUTEN FREE SPONGE CAKE";"10";"10";"pezzi_in_grammi";"yellow coloring: originale 5 (pezzi), distinta 5 g"
"741d5f13-d038-40c0-b7dc-6ac62fd04d8d";"GREEN PEPPERCORN DEMI";"3";"3";"pezzi_in_grammi";"Green Peppercorn: originale 2 (pezzi), distinta 2 g"
"3ad2433d-cb6b-4267-8630-83e2308e8500";"HEART  Cake";"12";"12";"pezzi_in_grammi";"roses: originale 3 (pezzi), distinta 3 g"
"7320868e-e932-4236-89b9-2bb7c9f510f5";"Lemon cream cold 2020";"4";"4";"pezzi_in_grammi";"lemon juice: originale 1 (pezzi), distinta 1 g"
"a28586ab-c1f1-457d-bc78-838fe6bb9b74";"Meatball skewer";"3";"2";"manca_in_distinta";"meatballs 100 each"
"940482db-3ab8-4dca-bfe2-ae63483ebe26";"Panna Cotta";"6";"6";"pezzi_in_grammi";"pk85: originale 10 (pezzi), distinta 10 g"
"9fff5610-14cc-434e-8aea-3801fc6ea501";"PAPPARDELLE WILDBOAR";"2";"1";"manca_in_distinta";"pappardelle 100 g"
"475959d6-8558-4a97-907c-39d8fdd60181";"PENNE CACIO E PEPE Catering";"2";"1";"manca_in_distinta";"cacio e pepe sauce 5 kg"
"a5fb05eb-9b0d-4462-ba1a-f3b7b12b5946";"RAGU";"15";"14";"manca_in_distinta";"double paste tomatoes 20 g"
"2262c758-1965-4f6f-a2d2-2e59471106c9";"SALMORIGLIO";"8";"7";"manca_in_distinta";"Garlic Oil 25 g"
"46dac4fa-b76a-48de-9d49-3f4217938f7b";"SALSA VERDE";"8";"8";"pezzi_in_grammi";"Anchovy: originale 1 (pezzi), distinta 1 g"
"89941ae9-b49c-432a-90a6-64364ee2022b";"SAUTED ASPARAGUS";"5";"4";"manca_in_distinta";"asparagus 80 g"
"b49870cd-2803-4d0c-be11-deab1d09e2db";"SLICED MUSHROOM";"10";"9";"manca_in_distinta";"oil 300 g"
"a0cc2bc0-b499-44cd-9f41-2438416ac5f7";"Spaghetti  al Pomodoro Half";"6";"6";"quantita";"Spaghetti: originale 65 g, distinta 1 nests"
"a0cc2bc0-b499-44cd-9f41-2438416ac5f7";"Spaghetti  al Pomodoro Half";"6";"6";"nome";"""Cherry Tomatoes"" nell'originale, ""Halved Tomatoes"" nella distinta (20 g)"
"87cae4ee-aed0-4c20-886d-ecb6768f1c12";"SPAGHETTI FRESH PASTA";"4";"3";"manca_in_distinta";"Semolina 500 g"
"47624505-2332-4c85-9d1c-d36f795ac6c4";"TAGLIERE SALUMI";"5";"4";"manca_in_distinta";"prosciutto cotto 50 g"
"a3282ac7-02f8-4fb8-90c8-c91fb9ab0936";"VEAL SALTIMBOCCA family style";"8";"7";"manca_in_distinta";"average side 4"
"a198d4d1-4c2d-4837-b55c-bd516c5692ee";"Fettuccine ai funghi";"6";"6";"quantita";"fettuccine: originale 120 g, distinta 2 nests"
"ed120fa7-a58d-4d04-9f49-c963bd518659";"FETTUCCINE AL SAMONE";"2";"2";"quantita";"fettuccine: originale 120 g, distinta 2 nests"
"407c50ee-0e32-41b2-83eb-a582c323d92a";"PENNE ARRABBIATA BUFFET";"3";"3";"quantita";"arrabbiata sauce: originale 2.5 g, distinta 2500 g"
"dcaa616a-1fcb-41b6-957d-6036bfdc0729";"Salmon Cakes";"16";"17";"solo_in_distinta";"Salmon Aioli 40 g"
"7ea96793-bc84-4ab5-9194-867f827f7144";"SPAGHETTI MARCELLO";"5";"5";"quantita";"spaghetti: originale 1200 g, distinta 20 nests"
"ccc4a487-887d-47a4-9cf3-46174d736adb";"ARUGOLA PESTO";"5";"5";"nome";"""Parmesan Cheese"" nell'originale, ""Parmesan Grated"" nella distinta (700 g)"
"3d1a411f-e7bc-4083-8af0-f686d7559acc";"Balsamic Vinegar chutney";"5";"5";"nome";"""red wine vinegar or balsamic"" nell'originale, ""Balsamic Vinegar"" nella distinta (200 ml)"
"9cec677b-55d6-4329-9dae-5dd4d489e147";"BUTTER SPINACH";"7";"7";"nome";"""Parmesan Cheese"" nell'originale, ""Parmesan Grated"" nella distinta (5 g)"
"2ad4c4e3-8c56-49dd-a2fc-931980c2d2a8";"MACCHERONI ARRABBIATA";"3";"3";"nome";"""pecorino romano"" nell'originale, ""Grated Pecorino"" nella distinta (30 g)"
"673fa05c-403a-4b77-8121-0a59d60bc223";"PARMESAN NESTS";"1";"1";"nome";"""Parmesan Cheese"" nell'originale, ""Parmesan Grated"" nella distinta (30 g)"
"c8a11a21-e057-44bf-9e64-fa9cef00180f";"RED PEPPER FLAN";"7";"7";"nome";"""Parmesan Cheese"" nell'originale, ""Parmesan Grated"" nella distinta (200 g)"
"cffcebf1-a29e-4447-8544-9d7e250d1f26";"Roasted Cauliflower";"6";"6";"nome";"""Pecorino Romano"" nell'originale, ""Grated Pecorino"" nella distinta (150 g)"
"9aa5ba31-43c3-4594-b5e1-06c99654bc91";"saffron potatoes";"6";"6";"nome";"""Parmesan Cheese"" nell'originale, ""Parmesan Grated"" nella distinta (150 g)"
"0733ee18-74cc-450c-988d-7d85a2d717c0";"SPICY PESTO";"7";"7";"nome";"""Parmesan Cheese"" nell'originale, ""Parmesan Grated"" nella distinta (300 g)"
"266ec9bf-cff5-45b7-b82b-ea115ee4ae69";"SUN DRY TOMATOES PESTO";"8";"8";"nome";"""Parmesan Cheese"" nell'originale, ""Parmesan Grated"" nella distinta (300 g)"
"e911b676-21ff-4e91-84df-d78af1d31ad2";"TOMATO X BRUSCHETTA";"6";"6";"nome";"""Cherry Tomatoes"" nell'originale, ""Halved Tomatoes"" nella distinta (1250 g)"
"65a2e685-e31f-4a24-ae6e-7b53a9e344ae";"Tuscany Road Trip";"11";"11";"nome";"""Parmesan Flakes"" nell'originale, ""Shaved Parmesan"" nella distinta (5 g)"
